Sample	Population	Super_Population	Sex
GM18501	YRI	AFR	Male
GM18519	YRI	AFR	Male
GM18856	YRI	AFR	Male
GM18861	YRI	AFR	Male
GM18864	YRI	AFR	Female
GM18865	YRI	AFR	Female
GM18871	YRI	AFR	Male
GM18876	YRI	AFR	Male
GM18924	YRI	AFR	Female
GM19035	LWK	AFR	Female
GM19041	LWK	AFR	Male
GM19308	LWK	AFR	Male
GM19312	LWK	AFR	Male
GM19462	LWK	AFR	Male
GM19471	LWK	AFR	Female
GM19473	LWK	AFR	Female
HG01884	ACB	AFR	Female
HG01891	ACB	AFR	Female
HG02257	ACB	AFR	Female
HG02280	ACB	AFR	Female
HG02486	ACB	AFR	Female
HG02559	ACB	AFR	Male
HG02572	GWD	AFR	Female
HG02615	GWD	AFR	Male
HG02622	GWD	AFR	Female
HG02630	GWD	AFR	Female
HG02647	GWD	AFR	Female
HG02717	GWD	AFR	Male
HG02809	GWD	AFR	Male
HG02886	GWD	AFR	Female
HG03041	GWD	AFR	Female
HG03453	MSL	AFR	Female
HG03471	MSL	AFR	Female
HG03516	ESN	AFR	Male
HG03540	GWD	AFR	Female
HG03579	MSL	AFR	Female
NA18859	YRI	AFR	Male
NA18862	YRI	AFR	Male
NA18913	YRI	AFR	Male
NA19101	YRI	AFR	Male
NA19122	YRI	AFR	Male
NA19127	YRI	AFR	Female
NA19128	YRI	AFR	Female
HG01879	ACB	AFR	Male
HG01880	ACB	AFR	Male
HG01883	ACB	AFR	Female
HG01890	ACB	AFR	Female
HG01894	ACB	AFR	Male
HG01896	ACB	AFR	Female
HG01915	ACB	AFR	Female
HG01985	ACB	AFR	Female
HG01988	ACB	AFR	Female
HG01990	ACB	AFR	Male
HG02009	ACB	AFR	Male
HG02010	ACB	AFR	Male
HG02012	ACB	AFR	Female
HG02014	ACB	AFR	Female
HG02051	ACB	AFR	Male
HG02053	ACB	AFR	Male
HG02095	ACB	AFR	Male
HG02107	ACB	AFR	Female
HG02111	ACB	AFR	Male
HG02143	ACB	AFR	Female
HG02144	ACB	AFR	Male
HG02282	ACB	AFR	Female
HG02283	ACB	AFR	Female
HG02284	ACB	AFR	Male
HG02307	ACB	AFR	Male
HG02308	ACB	AFR	Male
HG02309	ACB	AFR	Female
HG02314	ACB	AFR	Female
HG02318	ACB	AFR	Male
HG02332	ACB	AFR	Female
HG02337	ACB	AFR	Male
HG02420	ACB	AFR	Female
HG02429	ACB	AFR	Male
HG02442	ACB	AFR	Male
HG02445	ACB	AFR	Male
HG02455	ACB	AFR	Male
HG02485	ACB	AFR	Male
HG02496	ACB	AFR	Female
HG02502	ACB	AFR	Male
HG02545	ACB	AFR	Female
HG02546	ACB	AFR	Male
HG02554	ACB	AFR	Female
HG02558	ACB	AFR	Male
HG02561	GWD	AFR	Female
HG02562	GWD	AFR	Male
HG02568	GWD	AFR	Female
HG02573	GWD	AFR	Female
HG02577	ACB	AFR	Male
HG02580	ACB	AFR	Female
HG02582	GWD	AFR	Female
HG02585	GWD	AFR	Male
HG02588	GWD	AFR	Male
HG02595	GWD	AFR	Male
HG02611	GWD	AFR	Female
HG02614	GWD	AFR	Female
HG02634	GWD	AFR	Female
HG02635	GWD	AFR	Male
HG02643	GWD	AFR	Female
HG02678	GWD	AFR	Female
HG02679	GWD	AFR	Male
HG02703	GWD	AFR	Female
HG02715	GWD	AFR	Female
HG02721	GWD	AFR	Male
HG02768	GWD	AFR	Male
HG02771	GWD	AFR	Male
HG02805	GWD	AFR	Male
HG02817	GWD	AFR	Female
HG02836	GWD	AFR	Female
HG02922	ESN	AFR	Male
HG02938	ESN	AFR	Female
HG02943	ESN	AFR	Male
HG02944	ESN	AFR	Female
HG02953	ESN	AFR	Male
HG02965	ESN	AFR	Male
HG02970	ESN	AFR	Male
HG02971	ESN	AFR	Female
HG02974	ESN	AFR	Male
HG02976	ESN	AFR	Female
HG02979	ESN	AFR	Female
HG02982	GWD	AFR	Female
HG02983	GWD	AFR	Male
HG03024	GWD	AFR	Female
HG03028	GWD	AFR	Male
HG03039	GWD	AFR	Female
HG03048	GWD	AFR	Male
HG03052	MSL	AFR	Male
HG03057	MSL	AFR	Female
HG03058	MSL	AFR	Male
HG03060	MSL	AFR	Female
HG03069	MSL	AFR	Male
HG03073	MSL	AFR	Male
HG03074	MSL	AFR	Female
HG03077	MSL	AFR	Male
HG03081	MSL	AFR	Male
HG03085	MSL	AFR	Male
HG03086	MSL	AFR	Female
HG03091	MSL	AFR	Female
HG03097	MSL	AFR	Female
HG03100	ESN	AFR	Female
HG03103	ESN	AFR	Male
HG03105	ESN	AFR	Male
HG03108	ESN	AFR	Female
HG03109	ESN	AFR	Female
HG03111	ESN	AFR	Male
HG03112	ESN	AFR	Female
HG03114	ESN	AFR	Male
HG03115	ESN	AFR	Female
HG03117	ESN	AFR	Male
HG03120	ESN	AFR	Female
HG03121	ESN	AFR	Male
HG03124	ESN	AFR	Female
HG03130	ESN	AFR	Male
HG03132	ESN	AFR	Male
HG03133	ESN	AFR	Female
HG03159	ESN	AFR	Male
HG03163	ESN	AFR	Female
HG03168	ESN	AFR	Male
HG03172	ESN	AFR	Female
HG03189	ESN	AFR	Male
HG03193	ESN	AFR	Female
HG03195	ESN	AFR	Male
HG03198	ESN	AFR	Female
HG03199	ESN	AFR	Female
HG03209	MSL	AFR	Male
HG03212	MSL	AFR	Male
HG03240	GWD	AFR	Female
HG03241	GWD	AFR	Male
HG03247	GWD	AFR	Female
HG03258	GWD	AFR	Female
HG03265	ESN	AFR	Male
HG03279	ESN	AFR	Male
HG03300	ESN	AFR	Female
HG03301	ESN	AFR	Female
HG03303	ESN	AFR	Male
HG03307	ESN	AFR	Female
HG03311	ESN	AFR	Male
HG03342	ESN	AFR	Male
HG03372	ESN	AFR	Female
HG03373	ESN	AFR	Female
HG03388	MSL	AFR	Male
HG03391	MSL	AFR	Male
HG03394	MSL	AFR	Male
HG03397	MSL	AFR	Male
HG03410	MSL	AFR	Male
HG03437	MSL	AFR	Female
HG03439	MSL	AFR	Female
HG03442	MSL	AFR	Male
HG03449	MSL	AFR	Male
HG03455	MSL	AFR	Female
HG03457	MSL	AFR	Female
HG03461	MSL	AFR	Male
HG03470	MSL	AFR	Female
HG03473	MSL	AFR	Female
HG03476	MSL	AFR	Female
HG03484	MSL	AFR	Female
HG03485	MSL	AFR	Male
HG03499	ESN	AFR	Female
HG03517	ESN	AFR	Female
HG03518	ESN	AFR	Female
HG03521	ESN	AFR	Male
HG03539	GWD	AFR	Male
HG03548	MSL	AFR	Female
HG03563	MSL	AFR	Female
HG03571	MSL	AFR	Female
HG03577	MSL	AFR	Male
HG03582	MSL	AFR	Male
NA18498	YRI	AFR	Male
NA18499	YRI	AFR	Male
NA18502	YRI	AFR	Female
NA18504	YRI	AFR	Female
NA18510	YRI	AFR	Male
NA18516	YRI	AFR	Male
NA18520	YRI	AFR	Male
NA18523	YRI	AFR	Female
NA18853	YRI	AFR	Female
NA18867	YRI	AFR	Male
NA18868	YRI	AFR	Female
NA18873	YRI	AFR	Male
NA18874	YRI	AFR	Female
NA18912	YRI	AFR	Male
NA19017	LWK	AFR	Female
NA19019	LWK	AFR	Female
NA19024	LWK	AFR	Female
NA19028	LWK	AFR	Female
NA19031	LWK	AFR	Male
NA19037	LWK	AFR	Male
NA19043	LWK	AFR	Female
NA19096	YRI	AFR	Male
NA19113	YRI	AFR	Male
NA19114	YRI	AFR	Male
NA19118	YRI	AFR	Female
NA19119	YRI	AFR	Female
NA19137	YRI	AFR	Male
NA19144	YRI	AFR	Female
NA19146	YRI	AFR	Male
NA19147	YRI	AFR	Male
NA19153	YRI	AFR	Female
NA19189	YRI	AFR	Male
NA19197	YRI	AFR	Male
NA19207	YRI	AFR	Female
NA19238	YRI	AFR	Male
NA19307	LWK	AFR	Female
NA19310	LWK	AFR	Male
NA19315	LWK	AFR	Female
NA19319	LWK	AFR	Female
NA19327	LWK	AFR	Male
NA19328	LWK	AFR	Female
NA19331	LWK	AFR	Female
NA19338	LWK	AFR	Male
NA19347	LWK	AFR	Female
NA19350	LWK	AFR	Male
NA19351	LWK	AFR	Male
NA19355	LWK	AFR	Female
NA19383	LWK	AFR	Female
NA19385	LWK	AFR	Male
NA19391	LWK	AFR	Male
NA19393	LWK	AFR	Female
NA19397	LWK	AFR	Male
NA19399	LWK	AFR	Male
NA19403	LWK	AFR	Female
NA19439	LWK	AFR	Female
NA19449	LWK	AFR	Female
NA19463	LWK	AFR	Female
NA19472	LWK	AFR	Female
NA19700	ASW	AFR	Female
NA19701	ASW	AFR	Male
NA19707	ASW	AFR	Female
NA19711	ASW	AFR	Female
NA19818	ASW	AFR	Male
NA19819	ASW	AFR	Male
NA19834	ASW	AFR	Female
NA19835	ASW	AFR	Male
NA19900	ASW	AFR	Female
NA19901	ASW	AFR	Male
NA19904	ASW	AFR	Female
NA19908	ASW	AFR	Male
NA19909	ASW	AFR	Male
NA19916	ASW	AFR	Female
NA19921	ASW	AFR	Male
NA20127	ASW	AFR	Female
NA20276	ASW	AFR	Female
NA20278	ASW	AFR	Female
NA20281	ASW	AFR	Male
NA20289	ASW	AFR	Male
NA20294	ASW	AFR	Female
NA20298	ASW	AFR	Female
NA20314	ASW	AFR	Male
NA20332	ASW	AFR	Female
NA20334	ASW	AFR	Female
NA20342	ASW	AFR	Female
NA20346	ASW	AFR	Male
NA20348	ASW	AFR	Male
NA20356	ASW	AFR	Male
NA20357	ASW	AFR	Male
NA20359	ASW	AFR	Female
HG00639	PUR	AMR	Female
HG00642	PUR	AMR	Female
HG00735	PUR	AMR	Male
HG00738	PUR	AMR	Female
HG00741	PUR	AMR	Male
HG01071	PUR	AMR	Female
HG01081	PUR	AMR	Female
HG01099	PUR	AMR	Female
HG01106	PUR	AMR	Male
HG01123	CLM	AMR	Male
HG01175	PUR	AMR	Female
HG01255	CLM	AMR	Female
HG01258	CLM	AMR	Male
HG01261	CLM	AMR	Male
HG01346	CLM	AMR	Male
HG01358	CLM	AMR	Female
HG01361	CLM	AMR	Male
HG01433	CLM	AMR	Female
HG01496	CLM	AMR	Male
HG01928	PEL	AMR	Female
HG01934	PEL	AMR	Male
HG01943	PEL	AMR	Male
HG01952	PEL	AMR	Male
HG01975	PEL	AMR	Male
HG01978	PEL	AMR	Female
HG01981	PEL	AMR	Female
HG01993	PEL	AMR	Female
HG02004	PEL	AMR	Female
HG02148	PEL	AMR	Female
HG02273	PEL	AMR	Female
HG02293	PEL	AMR	Female
HG02300	PEL	AMR	Female
HG00551	PUR	AMR	Female
HG00637	PUR	AMR	Female
HG00641	PUR	AMR	Male
HG00731	PUR	AMR	Female
HG00736	PUR	AMR	Male
HG00737	PUR	AMR	Male
HG00739	PUR	AMR	Female
HG00740	PUR	AMR	Male
HG01047	PUR	AMR	Female
HG01048	PUR	AMR	Male
HG01054	PUR	AMR	Male
HG01055	PUR	AMR	Male
HG01058	PUR	AMR	Female
HG01060	PUR	AMR	Female
HG01066	PUR	AMR	Male
HG01072	PUR	AMR	Male
HG01073	PUR	AMR	Male
HG01085	PUR	AMR	Female
HG01086	PUR	AMR	Male
HG01089	PUR	AMR	Female
HG01101	PUR	AMR	Female
HG01102	PUR	AMR	Male
HG01104	PUR	AMR	Female
HG01107	PUR	AMR	Male
HG01108	PUR	AMR	Male
HG01119	CLM	AMR	Female
HG01121	CLM	AMR	Female
HG01122	CLM	AMR	Male
HG01124	CLM	AMR	Female
HG01130	CLM	AMR	Male
HG01131	CLM	AMR	Male
HG01133	CLM	AMR	Female
HG01134	CLM	AMR	Male
HG01136	CLM	AMR	Female
HG01137	CLM	AMR	Male
HG01142	CLM	AMR	Female
HG01148	CLM	AMR	Male
HG01167	PUR	AMR	Male
HG01168	PUR	AMR	Male
HG01174	PUR	AMR	Female
HG01187	PUR	AMR	Female
HG01188	PUR	AMR	Male
HG01197	PUR	AMR	Female
HG01198	PUR	AMR	Male
HG01241	PUR	AMR	Female
HG01242	PUR	AMR	Male
HG01256	CLM	AMR	Female
HG01257	CLM	AMR	Male
HG01259	CLM	AMR	Female
HG01269	CLM	AMR	Male
HG01275	CLM	AMR	Female
HG01278	CLM	AMR	Female
HG01281	CLM	AMR	Female
HG01284	CLM	AMR	Female
HG01286	PUR	AMR	Female
HG01311	PUR	AMR	Male
HG01312	PUR	AMR	Male
HG01341	CLM	AMR	Female
HG01345	CLM	AMR	Male
HG01347	CLM	AMR	Female
HG01348	CLM	AMR	Male
HG01356	CLM	AMR	Female
HG01362	CLM	AMR	Male
HG01363	CLM	AMR	Male
HG01366	CLM	AMR	Female
HG01369	CLM	AMR	Female
HG01372	CLM	AMR	Female
HG01377	CLM	AMR	Female
HG01384	CLM	AMR	Male
HG01389	CLM	AMR	Female
HG01390	CLM	AMR	Male
HG01392	PUR	AMR	Female
HG01395	PUR	AMR	Male
HG01396	PUR	AMR	Male
HG01398	PUR	AMR	Female
HG01412	PUR	AMR	Male
HG01414	PUR	AMR	Male
HG01447	CLM	AMR	Female
HG01455	CLM	AMR	Female
HG01464	CLM	AMR	Male
HG01465	CLM	AMR	Male
HG01468	CLM	AMR	Female
HG01474	CLM	AMR	Female
HG01479	CLM	AMR	Female
HG01489	CLM	AMR	Male
HG01492	CLM	AMR	Female
HG01494	CLM	AMR	Female
HG01550	CLM	AMR	Male
HG01551	CLM	AMR	Male
HG01566	PEL	AMR	Female
HG01571	PEL	AMR	Female
HG01572	PEL	AMR	Male
HG01577	PEL	AMR	Female
HG01578	PEL	AMR	Male
HG01918	PEL	AMR	Female
HG01923	PEL	AMR	Female
HG01932	PEL	AMR	Male
HG01933	PEL	AMR	Male
HG01935	PEL	AMR	Female
HG01939	PEL	AMR	Male
HG01942	PEL	AMR	Female
HG01945	PEL	AMR	Female
HG01947	PEL	AMR	Female
HG01948	PEL	AMR	Male
HG01950	PEL	AMR	Female
HG01953	PEL	AMR	Male
HG01961	PEL	AMR	Male
HG01967	PEL	AMR	Male
HG01971	PEL	AMR	Male
HG01977	PEL	AMR	Female
HG01982	PEL	AMR	Male
HG01991	PEL	AMR	Male
HG01992	PEL	AMR	Male
HG01997	PEL	AMR	Female
HG02003	PEL	AMR	Female
HG02006	PEL	AMR	Female
HG02089	PEL	AMR	Female
HG02102	PEL	AMR	Female
HG02105	PEL	AMR	Female
HG02146	PEL	AMR	Female
HG02252	PEL	AMR	Male
HG02253	PEL	AMR	Female
HG02262	PEL	AMR	Male
HG02265	PEL	AMR	Male
HG02266	PEL	AMR	Male
HG02271	PEL	AMR	Female
HG02274	PEL	AMR	Male
HG02275	PEL	AMR	Male
HG02277	PEL	AMR	Female
HG02285	PEL	AMR	Male
HG02291	PEL	AMR	Male
HG02292	PEL	AMR	Male
HG02312	PEL	AMR	Female
HG02345	PEL	AMR	Female
NA19651	MXL	AMR	Female
NA19652	MXL	AMR	Female
NA19654	MXL	AMR	Male
NA19655	MXL	AMR	Female
NA19657	MXL	AMR	Male
NA19658	MXL	AMR	Female
NA19660	MXL	AMR	Male
NA19661	MXL	AMR	Female
NA19663	MXL	AMR	Male
NA19664	MXL	AMR	Female
NA19679	MXL	AMR	Male
NA19717	MXL	AMR	Male
NA19720	MXL	AMR	Male
NA19723	MXL	AMR	Male
NA19728	MXL	AMR	Male
NA19729	MXL	AMR	Female
NA19734	MXL	AMR	Male
NA19735	MXL	AMR	Female
NA19740	MXL	AMR	Male
NA19747	MXL	AMR	Female
NA19749	MXL	AMR	Male
NA19750	MXL	AMR	Female
NA19758	MXL	AMR	Male
NA19759	MXL	AMR	Female
NA19762	MXL	AMR	Male
NA19770	MXL	AMR	Male
NA19774	MXL	AMR	Female
NA19782	MXL	AMR	Male
NA19786	MXL	AMR	Female
NA19789	MXL	AMR	Male
HG00423	CHS	EAS	Male
HG00438	CHS	EAS	Female
HG00544	CHS	EAS	Female
HG00558	CHS	EAS	Female
HG00609	CHS	EAS	Female
HG00621	CHS	EAS	Male
HG00673	CHS	EAS	Male
HG00706	CHS	EAS	Male
HG02027	KHV	EAS	Male
HG02056	KHV	EAS	Male
HG02071	KHV	EAS	Male
HG02074	KHV	EAS	Male
HG02083	KHV	EAS	Male
HG02132	KHV	EAS	Male
HG02135	KHV	EAS	Male
HG02523	KHV	EAS	Male
HG00404	CHS	EAS	Female
HG00407	CHS	EAS	Female
HG00409	CHS	EAS	Female
HG00410	CHS	EAS	Male
HG00418	CHS	EAS	Female
HG00419	CHS	EAS	Male
HG00427	CHS	EAS	Female
HG00436	CHS	EAS	Male
HG00442	CHS	EAS	Male
HG00443	CHS	EAS	Male
HG00446	CHS	EAS	Female
HG00449	CHS	EAS	Female
HG00452	CHS	EAS	Female
HG00464	CHS	EAS	Female
HG00472	CHS	EAS	Female
HG00473	CHS	EAS	Male
HG00475	CHS	EAS	Female
HG00479	CHS	EAS	Male
HG00513	CHS	EAS	Female
HG00525	CHS	EAS	Female
HG00530	CHS	EAS	Female
HG00537	CHS	EAS	Male
HG00565	CHS	EAS	Female
HG00566	CHS	EAS	Male
HG00583	CHS	EAS	Female
HG00589	CHS	EAS	Male
HG00596	CHS	EAS	Male
HG00599	CHS	EAS	Female
HG00607	CHS	EAS	Female
HG00608	CHS	EAS	Male
HG00610	CHS	EAS	Female
HG00619	CHS	EAS	Male
HG00622	CHS	EAS	Male
HG00626	CHS	EAS	Male
HG00631	CHS	EAS	Female
HG00632	CHS	EAS	Male
HG00634	CHS	EAS	Female
HG00650	CHS	EAS	Male
HG00651	CHS	EAS	Male
HG00657	CHS	EAS	Female
HG00675	CHS	EAS	Female
HG00684	CHS	EAS	Female
HG00692	CHS	EAS	Female
HG00702	CHS	EAS	Male
HG00705	CHS	EAS	Female
HG00717	CHS	EAS	Female
HG00728	CHS	EAS	Female
HG00759	CDX	EAS	Male
HG00766	CDX	EAS	Female
HG00844	CDX	EAS	Female
HG00881	CDX	EAS	Male
HG00982	CDX	EAS	Male
HG01028	CDX	EAS	Male
HG01046	CDX	EAS	Male
HG01595	KHV	EAS	Female
HG01596	KHV	EAS	Female
HG01597	KHV	EAS	Male
HG01598	KHV	EAS	Female
HG01794	CDX	EAS	Female
HG01796	CDX	EAS	Female
HG01797	CDX	EAS	Female
HG01798	CDX	EAS	Female
HG01800	CDX	EAS	Female
HG01801	CDX	EAS	Female
HG01805	CDX	EAS	Female
HG01806	CDX	EAS	Female
HG01807	CDX	EAS	Female
HG01809	CDX	EAS	Female
HG01812	CDX	EAS	Female
HG01813	CDX	EAS	Female
HG01815	CDX	EAS	Female
HG01817	CDX	EAS	Female
HG01840	KHV	EAS	Female
HG01846	KHV	EAS	Male
HG01851	KHV	EAS	Male
HG01853	KHV	EAS	Female
HG01859	KHV	EAS	Female
HG01862	KHV	EAS	Female
HG01863	KHV	EAS	Female
HG01865	KHV	EAS	Female
HG01866	KHV	EAS	Male
HG01870	KHV	EAS	Male
HG01871	KHV	EAS	Female
HG01872	KHV	EAS	Female
HG01873	KHV	EAS	Male
HG02016	KHV	EAS	Male
HG02017	KHV	EAS	Female
HG02020	KHV	EAS	Male
HG02031	KHV	EAS	Male
HG02040	KHV	EAS	Female
HG02048	KHV	EAS	Male
HG02058	KHV	EAS	Female
HG02060	KHV	EAS	Male
HG02064	KHV	EAS	Female
HG02067	KHV	EAS	Male
HG02069	KHV	EAS	Male
HG02072	KHV	EAS	Female
HG02079	KHV	EAS	Female
HG02081	KHV	EAS	Male
HG02082	KHV	EAS	Female
HG02087	KHV	EAS	Male
HG02116	KHV	EAS	Female
HG02121	KHV	EAS	Male
HG02128	KHV	EAS	Female
HG02130	KHV	EAS	Male
HG02133	KHV	EAS	Female
HG02136	KHV	EAS	Female
HG02137	KHV	EAS	Female
HG02138	KHV	EAS	Male
HG02139	KHV	EAS	Male
HG02152	CDX	EAS	Female
HG02153	CDX	EAS	Female
HG02154	CDX	EAS	Female
HG02155	CDX	EAS	Female
HG02156	CDX	EAS	Female
HG02164	CDX	EAS	Female
HG02165	CDX	EAS	Female
HG02178	CDX	EAS	Female
HG02180	CDX	EAS	Female
HG02182	CDX	EAS	Female
HG02184	CDX	EAS	Female
HG02185	CDX	EAS	Female
HG02250	CDX	EAS	Female
HG02364	CDX	EAS	Male
HG02367	CDX	EAS	Male
HG02373	CDX	EAS	Male
HG02382	CDX	EAS	Male
HG02384	CDX	EAS	Male
HG02389	CDX	EAS	Male
HG02390	CDX	EAS	Male
HG02396	CDX	EAS	Male
HG02402	CDX	EAS	Male
HG02409	CDX	EAS	Male
HG02410	CDX	EAS	Male
HG02521	KHV	EAS	Male
HG02522	KHV	EAS	Male
HG02524	KHV	EAS	Female
NA18525	CHB	EAS	Male
NA18526	CHB	EAS	Female
NA18528	CHB	EAS	Female
NA18530	CHB	EAS	Female
NA18532	CHB	EAS	Male
NA18537	CHB	EAS	Female
NA18539	CHB	EAS	Female
NA18544	CHB	EAS	Female
NA18546	CHB	EAS	Male
NA18552	CHB	EAS	Male
NA18553	CHB	EAS	Female
NA18555	CHB	EAS	Female
NA18565	CHB	EAS	Female
NA18566	CHB	EAS	Female
NA18567	CHB	EAS	Female
NA18570	CHB	EAS	Female
NA18571	CHB	EAS	Female
NA18577	CHB	EAS	Female
NA18579	CHB	EAS	Female
NA18591	CHB	EAS	Female
NA18592	CHB	EAS	Female
NA18599	CHB	EAS	Female
NA18603	CHB	EAS	Female
NA18605	CHB	EAS	Male
NA18612	CHB	EAS	Male
NA18616	CHB	EAS	Male
NA18621	CHB	EAS	Female
NA18625	CHB	EAS	Male
NA18632	CHB	EAS	Female
NA18637	CHB	EAS	Male
NA18639	CHB	EAS	Male
NA18642	CHB	EAS	Male
NA18747	CHB	EAS	Female
NA18940	JPT	EAS	Male
NA18941	JPT	EAS	Male
NA18944	JPT	EAS	Female
NA18946	JPT	EAS	Male
NA18947	JPT	EAS	Female
NA18953	JPT	EAS	Female
NA18956	JPT	EAS	Male
NA18960	JPT	EAS	Female
NA18965	JPT	EAS	Male
NA18968	JPT	EAS	Male
NA18969	JPT	EAS	Female
NA18971	JPT	EAS	Female
NA18972	JPT	EAS	Male
NA18974	JPT	EAS	Female
NA18977	JPT	EAS	Male
NA18980	JPT	EAS	Male
NA18981	JPT	EAS	Female
NA18983	JPT	EAS	Female
NA18988	JPT	EAS	Male
NA18989	JPT	EAS	Male
NA19001	JPT	EAS	Male
NA19003	JPT	EAS	Female
NA19011	JPT	EAS	Female
NA19012	JPT	EAS	Female
NA19055	JPT	EAS	Male
NA19059	JPT	EAS	Male
NA19068	JPT	EAS	Female
NA19080	JPT	EAS	Male
NA19086	JPT	EAS	Female
NA07014	CEU	EUR	Male
NA07019	CEU	EUR	Female
NA07348	CEU	EUR	Female
NA10835	CEU	EUR	Male
NA10839	CEU	EUR	Female
NA10842	CEU	EUR	Male
NA10843	CEU	EUR	Female
NA10852	CEU	EUR	Female
NA10856	CEU	EUR	Male
NA10857	CEU	EUR	Male
NA10859	CEU	EUR	Female
NA10861	CEU	EUR	Female
NA12335	CEU	EUR	Male
NA12336	CEU	EUR	Female
NA12376	CEU	EUR	Female
NA12386	CEU	EUR	Female
NA12766	CEU	EUR	Male
NA12801	CEU	EUR	Male
NA12802	CEU	EUR	Female
HG00096	GBR	EUR	Male
HG00099	GBR	EUR	Male
HG00100	GBR	EUR	Female
HG00101	GBR	EUR	Female
HG00103	GBR	EUR	Male
HG00105	GBR	EUR	Male
HG00106	GBR	EUR	Male
HG00107	GBR	EUR	Female
HG00110	GBR	EUR	Male
HG00111	GBR	EUR	Female
HG00114	GBR	EUR	Female
HG00117	GBR	EUR	Male
HG00120	GBR	EUR	Male
HG00121	GBR	EUR	Female
HG00123	GBR	EUR	Female
HG00125	GBR	EUR	Female
HG00127	GBR	EUR	Female
HG00129	GBR	EUR	Female
HG00130	GBR	EUR	Male
HG00131	GBR	EUR	Female
HG00133	GBR	EUR	Male
HG00136	GBR	EUR	Female
HG00137	GBR	EUR	Male
HG00139	GBR	EUR	Female
HG00141	GBR	EUR	Male
HG00146	GBR	EUR	Male
HG00148	GBR	EUR	Female
HG00149	GBR	EUR	Male
HG00151	GBR	EUR	Male
HG00157	GBR	EUR	Male
HG00158	GBR	EUR	Male
HG00159	GBR	EUR	Female
HG00171	FIN	EUR	Male
HG00173	FIN	EUR	Female
HG00188	FIN	EUR	Female
HG00190	FIN	EUR	Male
HG00235	GBR	EUR	Male
HG00242	GBR	EUR	Female
HG00243	GBR	EUR	Male
HG00252	GBR	EUR	Male
HG00254	GBR	EUR	Male
HG00255	GBR	EUR	Female
HG00258	GBR	EUR	Female
HG00261	GBR	EUR	Female
HG00268	FIN	EUR	Female
HG00269	FIN	EUR	Female
HG00271	FIN	EUR	Female
HG00273	FIN	EUR	Male
HG00274	FIN	EUR	Male
HG00278	FIN	EUR	Female
HG00280	FIN	EUR	Male
HG00282	FIN	EUR	Male
HG00284	FIN	EUR	Female
HG00311	FIN	EUR	Male
HG00313	FIN	EUR	Male
HG00315	FIN	EUR	Female
HG00321	FIN	EUR	Female
HG00323	FIN	EUR	Male
HG00324	FIN	EUR	Female
HG00325	FIN	EUR	Female
HG00331	FIN	EUR	Male
HG00334	FIN	EUR	Female
HG00335	FIN	EUR	Female
HG00336	FIN	EUR	Male
HG00338	FIN	EUR	Male
HG00342	FIN	EUR	Male
HG00346	FIN	EUR	Male
HG00349	FIN	EUR	Female
HG00357	FIN	EUR	Female
HG00360	FIN	EUR	Female
HG00365	FIN	EUR	Male
HG00367	FIN	EUR	Female
HG00368	FIN	EUR	Female
HG00378	FIN	EUR	Female
HG00381	FIN	EUR	Female
HG01500	IBS	EUR	Female
HG01501	IBS	EUR	Male
HG01504	IBS	EUR	Female
HG01506	IBS	EUR	Female
HG01507	IBS	EUR	Male
HG01509	IBS	EUR	Female
HG01512	IBS	EUR	Male
HG01513	IBS	EUR	Male
HG01518	IBS	EUR	Female
HG01519	IBS	EUR	Male
HG01525	IBS	EUR	Female
HG01602	IBS	EUR	Female
HG01605	IBS	EUR	Female
HG01606	IBS	EUR	Female
HG01608	IBS	EUR	Male
HG01612	IBS	EUR	Male
HG01615	IBS	EUR	Female
HG01617	IBS	EUR	Male
HG01626	IBS	EUR	Male
HG01630	IBS	EUR	Female
HG01673	IBS	EUR	Male
HG01676	IBS	EUR	Female
HG01678	IBS	EUR	Female
HG01680	IBS	EUR	Male
HG01684	IBS	EUR	Male
HG01694	IBS	EUR	Female
HG01695	IBS	EUR	Male
HG01699	IBS	EUR	Female
HG01700	IBS	EUR	Male
HG01756	IBS	EUR	Male
HG01765	IBS	EUR	Male
HG01766	IBS	EUR	Male
HG01773	IBS	EUR	Female
HG01776	IBS	EUR	Female
HG01779	IBS	EUR	Female
HG01786	IBS	EUR	Female
HG01789	GBR	EUR	Female
HG01790	GBR	EUR	Male
HG01791	GBR	EUR	Female
HG02223	IBS	EUR	Male
HG02224	IBS	EUR	Female
HG02231	IBS	EUR	Male
HG02238	IBS	EUR	Male
HG02239	IBS	EUR	Male
NA06989	CEU	EUR	Female
NA07048	CEU	EUR	Male
NA10851	CEU	EUR	Male
NA12889	CEU	EUR	Male
NA12890	CEU	EUR	Female
NA12891	CEU	EUR	Male
NA12892	CEU	EUR	Female
NA20503	TSI	EUR	Female
NA20504	TSI	EUR	Female
NA20505	TSI	EUR	Female
NA20514	TSI	EUR	Female
NA20520	TSI	EUR	Female
NA20525	TSI	EUR	Male
NA20531	TSI	EUR	Male
NA20532	TSI	EUR	Female
NA20534	TSI	EUR	Male
NA20536	TSI	EUR	Male
NA20538	TSI	EUR	Male
NA20539	TSI	EUR	Male
NA20540	TSI	EUR	Male
NA20585	TSI	EUR	Female
NA20587	TSI	EUR	Female
NA20588	TSI	EUR	Female
NA20752	TSI	EUR	Male
NA20753	TSI	EUR	Male
NA20757	TSI	EUR	Female
NA20761	TSI	EUR	Female
NA20762	TSI	EUR	Female
NA20764	TSI	EUR	Male
NA20769	TSI	EUR	Female
NA20775	TSI	EUR	Female
NA20778	TSI	EUR	Female
NA20785	TSI	EUR	Male
NA20787	TSI	EUR	Male
NA20795	TSI	EUR	Male
NA20801	TSI	EUR	Female
NA20805	TSI	EUR	Male
NA20810	TSI	EUR	Male
NA20813	TSI	EUR	Male
NA20822	TSI	EUR	Female
HG02602	PJL	SAS	Female
HG02683	PJL	SAS	Male
HG02698	PJL	SAS	Female
HG02738	PJL	SAS	Male
HG03017	PJL	SAS	Male
HG03239	PJL	SAS	Male
HG03654	PJL	SAS	Female
HG03669	PJL	SAS	Male
HG03688	STU	SAS	Female
HG03710	PJL	SAS	Male
HG03816	BEB	SAS	Male
HG03831	BEB	SAS	Female
HG03834	BEB	SAS	Female
HG03927	BEB	SAS	Female
HG03942	BEB	SAS	Female
HG04115	STU	SAS	Male
HG04184	BEB	SAS	Male
HG04199	STU	SAS	Female
HG04204	STU	SAS	Male
HG04228	STU	SAS	Male
HG01583	PJL	SAS	Male
HG01586	PJL	SAS	Male
HG01589	PJL	SAS	Male
HG02490	PJL	SAS	Male
HG02493	PJL	SAS	Male
HG02494	PJL	SAS	Male
HG02597	PJL	SAS	Female
HG02600	PJL	SAS	Male
HG02604	PJL	SAS	Male
HG02657	PJL	SAS	Female
HG02681	PJL	SAS	Male
HG02684	PJL	SAS	Male
HG02685	PJL	SAS	Male
HG02687	PJL	SAS	Female
HG02688	PJL	SAS	Male
HG02690	PJL	SAS	Female
HG02691	PJL	SAS	Male
HG02694	PJL	SAS	Female
HG02697	PJL	SAS	Female
HG02724	PJL	SAS	Female
HG02727	PJL	SAS	Male
HG02728	PJL	SAS	Male
HG02731	PJL	SAS	Female
HG02737	PJL	SAS	Female
HG02789	PJL	SAS	Female
HG02793	PJL	SAS	Male
HG03009	BEB	SAS	Female
HG03015	PJL	SAS	Male
HG03016	PJL	SAS	Male
HG03019	PJL	SAS	Female
HG03022	PJL	SAS	Female
HG03228	PJL	SAS	Female
HG03238	PJL	SAS	Male
HG03593	BEB	SAS	Female
HG03595	BEB	SAS	Male
HG03598	BEB	SAS	Female
HG03600	BEB	SAS	Female
HG03604	BEB	SAS	Male
HG03607	BEB	SAS	Female
HG03631	PJL	SAS	Female
HG03633	PJL	SAS	Female
HG03639	PJL	SAS	Male
HG03640	PJL	SAS	Male
HG03643	STU	SAS	Female
HG03644	STU	SAS	Female
HG03645	STU	SAS	Male
HG03646	STU	SAS	Female
HG03650	PJL	SAS	Male
HG03668	PJL	SAS	Female
HG03672	STU	SAS	Female
HG03673	STU	SAS	Male
HG03681	STU	SAS	Female
HG03686	STU	SAS	Male
HG03687	STU	SAS	Male
HG03689	STU	SAS	Male
HG03690	STU	SAS	Female
HG03695	STU	SAS	Female
HG03697	STU	SAS	Male
HG03703	PJL	SAS	Male
HG03705	PJL	SAS	Female
HG03708	PJL	SAS	Male
HG03709	PJL	SAS	Male
HG03711	STU	SAS	Female
HG03714	ITU	SAS	Male
HG03717	ITU	SAS	Female
HG03721	ITU	SAS	Female
HG03722	ITU	SAS	Female
HG03727	ITU	SAS	Female
HG03729	ITU	SAS	Male
HG03730	ITU	SAS	Male
HG03731	ITU	SAS	Female
HG03740	STU	SAS	Female
HG03742	ITU	SAS	Male
HG03744	STU	SAS	Male
HG03746	STU	SAS	Male
HG03753	STU	SAS	Male
HG03756	STU	SAS	Male
HG03760	STU	SAS	Female
HG03761	PJL	SAS	Female
HG03770	ITU	SAS	Male
HG03774	ITU	SAS	Female
HG03780	ITU	SAS	Female
HG03781	ITU	SAS	Female
HG03784	ITU	SAS	Female
HG03786	ITU	SAS	Female
HG03792	ITU	SAS	Male
HG03794	BEB	SAS	Male
HG03797	BEB	SAS	Male
HG03802	BEB	SAS	Male
HG03803	BEB	SAS	Female
HG03805	BEB	SAS	Male
HG03809	BEB	SAS	Female
HG03812	BEB	SAS	Male
HG03814	BEB	SAS	Male
HG03821	BEB	SAS	Female
HG03824	BEB	SAS	Male
HG03830	BEB	SAS	Male
HG03836	STU	SAS	Male
HG03837	STU	SAS	Female
HG03838	STU	SAS	Male
HG03844	STU	SAS	Female
HG03848	STU	SAS	Male
HG03854	STU	SAS	Male
HG03856	STU	SAS	Male
HG03861	ITU	SAS	Male
HG03862	ITU	SAS	Female
HG03863	ITU	SAS	Female
HG03864	ITU	SAS	Female
HG03868	ITU	SAS	Male
HG03869	ITU	SAS	Female
HG03870	ITU	SAS	Male
HG03871	ITU	SAS	Male
HG03872	ITU	SAS	Male
HG03882	ITU	SAS	Male
HG03888	STU	SAS	Female
HG03890	STU	SAS	Female
HG03895	STU	SAS	Male
HG03898	STU	SAS	Female
HG03900	STU	SAS	Female
HG03904	BEB	SAS	Male
HG03916	BEB	SAS	Female
HG03919	BEB	SAS	Female
HG03925	BEB	SAS	Female
HG03928	BEB	SAS	Female
HG03929	BEB	SAS	Female
HG03931	BEB	SAS	Male
HG03940	BEB	SAS	Female
HG03941	BEB	SAS	Female
HG03947	STU	SAS	Male
HG03963	ITU	SAS	Female
HG03965	ITU	SAS	Male
HG03968	ITU	SAS	Male
HG03971	ITU	SAS	Female
HG03973	ITU	SAS	Male
HG03976	ITU	SAS	Female
HG03977	ITU	SAS	Male
HG03990	STU	SAS	Female
HG03999	STU	SAS	Male
HG04006	STU	SAS	Male
HG04014	ITU	SAS	Male
HG04015	ITU	SAS	Female
HG04017	ITU	SAS	Male
HG04018	ITU	SAS	Male
HG04020	ITU	SAS	Female
HG04022	ITU	SAS	Male
HG04039	STU	SAS	Male
HG04054	ITU	SAS	Male
HG04062	ITU	SAS	Female
HG04063	ITU	SAS	Female
HG04070	ITU	SAS	Female
HG04099	STU	SAS	Female
HG04131	BEB	SAS	Female
HG04132	BEB	SAS	Male
HG04140	BEB	SAS	Female
HG04146	BEB	SAS	Male
HG04147	BEB	SAS	Male
HG04177	BEB	SAS	Female
HG04180	BEB	SAS	Female
HG04183	BEB	SAS	Female
HG04186	BEB	SAS	Female
HG04191	BEB	SAS	Female
HG04192	BEB	SAS	Male
HG04194	BEB	SAS	Female
HG04195	BEB	SAS	Male
HG04198	ITU	SAS	Female
HG04200	ITU	SAS	Male
HG04210	STU	SAS	Female
HG04216	ITU	SAS	Male
HG04227	STU	SAS	Female
NA20846	GIH	SAS	Female
NA20847	GIH	SAS	Male
NA20852	GIH	SAS	Female
NA20853	GIH	SAS	Male
NA20858	GIH	SAS	Female
NA20861	GIH	SAS	Male
NA20863	GIH	SAS	Male
NA20867	GIH	SAS	Male
NA20876	GIH	SAS	Male
NA20885	GIH	SAS	Female
NA20888	GIH	SAS	Male
NA20890	GIH	SAS	Female
NA20896	GIH	SAS	Male
NA20899	GIH	SAS	Female
NA20900	GIH	SAS	Female
NA20901	GIH	SAS	Female
NA21098	GIH	SAS	Male
NA21099	GIH	SAS	Male
NA21102	GIH	SAS	Male
NA21103	GIH	SAS	Female
NA21110	GIH	SAS	Female
NA21111	GIH	SAS	Female
